"Id";"Name";"Account Name";"Login";"Password";"Pass Is Reset";"Dealer OPICS Id";"Dealer OPICS Name";"Flags";"Market State";"IB Is On";"IB Commission (pts)";"IB Password";"IP Filter On";"IP Filter";"Ext info";"Group For Hedge";"Don't check in PK";
"41";"360T";"360T";"360T";"";"";"";"";"";"Open";"No";"0";"";"No";"";"";"Corporates 360t";"No";
"147";"ablv.bbg";"ABLV";"ablv.bbg";"";"Yes";"";"";"No Better Prices";"Open";"No";"0";"";"No";"";"BBG0: enabled";"FOK Quote";"No";
"444";"abso1";"ABSO";"abso1";"";"No";"";"";"";"Open";"No";"0";"";"No";"";"";"Clients narrow";"No";
"375";"acba1";"ACBA";"acba1";"";"No";"";"";"";"Indicative";"No";"0";"";"No";"";"";"Clients narrow";"No";
"183";"acbk.bbg";"ACBK";"acbk.bbg";"";"No";"";"";"No Better Prices";"Open";"No";"0";"";"No";"";"BBG0:enabled";"FOK Quote";"No";
"132";"accb1";"ACCB";"accb1";"";"No";"";"";"";"Open";"No";"0";"";"Yes";"193.232.48.0/24;192.168.203.2;192.168.205.2";"";"Clients narrow";"No";
"365";"adev.bbg";"ADEV";"adev.bbg";"";"Yes";"";"";"No Better Prices";"Open";"No";"0";"";"No";"";"BBG0:enabled";"FOK Quote";"No";
"180";"adev1";"ADEV";"adev1";"";"No";"";"";"";"Open";"No";"0";"";"Yes";"81.89.214.0/24;192.168.203.1;192.168.205.1";"";"Clients narrow";"No";
"364";"adev2";"ADEV";"adev2";"";"No";"";"";"";"Open";"No";"0";"";"Yes";"81.89.214.0/24;192.168.203.0/24;192.168.205.0/24";"";"Clients narrow";"No";
"397";"aeib1";"AEIB";"aeib1";"";"Yes";"";"";"";"Indicative";"No";"0";"";"No";"";"";"Clients narrow";"No";
"178";"agbn1";"TCBM";"agbn1";"";"No";"";"";"Deleted";"Indicative";"No";"0";"";"No";"91.212.137.0/24";"";" Not Set ";"No";
"353";"agbu1";"AGBU";"agbu1";"";"Yes";"";"";"";"Indicative";"No";"0";"";"No";"";"";"Clients narrow";"No";
"394";"agib1";"AGIB";"agib1";"";"Yes";"";"";"";"Indicative";"No";"0";"";"No";"";"";"Clients narrow";"No";
"254";"agrm.bbg";"AGRM";"agrm.bbg";"";"Yes";"";"";"No Better Prices";"Open";"No";"0";"";"No";"";"BBG0: enabled";"FOK Quote";"No";
"327";"agrm1";"AGRM";"agrm1";"";"No";"";"";"";"Open";"No";"0";"";"No";"";"";"Clients narrow";"No";
"328";"agrm2";"AGRM";"agrm2";"";"Yes";"";"";"";"Indicative";"No";"0";"";"No";"";"";"Clients narrow";"No";
"329";"agrm3";"AGRM";"agrm3";"";"Yes";"";"";"";"Indicative";"No";"0";"";"No";"";"";"Clients narrow";"No";
"315";"agsb.bbg";"AGSB";"agsb.bbg";"";"Yes";"";"";"No Better Prices";"Open";"No";"0";"";"No";"";"BBG0: enabled";"FOK Quote";"No";
"246";"agsb1";"AGSB";"agsb1";"";"Yes";"";"";"";"Open";"No";"0";"";"Yes";"195.91.128.0/17;192.168.203.4;192.168.205.4;94.79.58.0/24";"Agrosoyuz Bank";"Clients narrow";"No";
"302";"agsb2";"AGSB";"agsb2";"";"No";"";"";"";"Open";"No";"0";"";"Yes";"195.91.131.0/17;195.91.128.0/17;192.168.203.4;192.168.205.4;94.79.58.0/24";"Agrosoyuz Bank";"Clients narrow";"No";
"306";"agsb3";"AGSB";"agsb3";"";"No";"";"";"Deleted";"Indicative";"No";"0";"";"No";"";"";"Clients narrow";"No";
"271";"aizx.stp";"AIZX";"aizx.stp";"";"Yes";"";"";"";"Indicative";"No";"0";"";"Yes";"195.35.107.0/24;192.168.203.6;192.168.205.6";"ABLV Bank";"Clients narrow";"No";
"141";"aizx1";"AIZX";"aizx1";"";"No";"";"";"";"Open";"No";"0";"";"Yes";"195.35.107.0/24;192.168.203.6;192.168.205.6";"ABLV Bank";"Clients narrow";"No";
"243";"aizx2";"AIZX";"aizx2";"";"No";"";"";"";"Open";"No";"0";"";"Yes";"195.35.107.0/24;192.168.203.6;192.168.205.6";"ABLV Bank";"Clients narrow";"No";
"244";"aizx3";"AIZX";"aizx3";"";"Yes";"";"";"";"Open";"No";"0";"";"Yes";"195.35.107.0/24;192.168.203.6;192.168.205.6";"ABLV Bank";"Clients narrow";"No";
"245";"aizx4";"AIZX";"aizx4";"";"No";"";"";"";"Open";"No";"0";"";"Yes";"195.35.107.0/24;192.168.203.6;192.168.205.6";"ABLV Bank";"Clients narrow";"No";
"259";"aizx5";"AIZX";"aizx5";"";"No";"";"";"";"Indicative";"No";"0";"";"Yes";"195.35.107.0/24;192.168.203.6;192.168.205.6";"ABLV Bank";"Clients narrow";"No";
"289";"akba.bbg";"AKBA";"akba.bbg";"";"Yes";"";"";"No Better Prices";"Open";"No";"0";"";"No";"";"BBG0: enabled";"FOK Quote";"No";
"210";"akba.stp";"AKBA";"akba.stp";"";"Yes";"";"";"";"Indicative";"No";"0";"";"Yes";"81.23.146.0/24;192.168.203.7;192.168.205.7";"";" Not Set ";"No";
"212";"akba.wlb";"AKBA";"akba.wlb";"";"No";"";"";"";"Indicative";"No";"0";"";"No";"81.23.146.0/24";"";" Not Set ";"No";
"196";"akba1";"AKBA";"akba1";"";"No";"";"";"";"Open";"No";"0";"";"Yes";"81.23.146.34;192.168.203.8;192.168.205.8";"АкБарс.Создан 12.09.2014.";"Clients narrow";"No";
"65";"alcy.bbg";"ALCY";"alcy.bbg";"";"";"";"";"No Better Prices";"Open";"No";"0";"";"No";"";"BBG0: enabled";"FOK Quote";"No";
"215";"alfb.bbg";"ALFB";"alfb.bbg";"";"Yes";"";"";"No Better Prices";"Open";"No";"0";"";"No";"";"BBG0: enabled";"FOK Quote";"No";
"72";"alfn.bbg";"ALFN";"alfn.bbg";"";"";"";"";"No Better Prices";"Open";"No";"0";"";"No";"";"BBG0: enabled";"FOK Quote";"No";
"424";"alfn.ebs";"ALFN EBS";"alfn.ebs";"";"No";"";"";"No Better Prices, Own Deals, Own STP Deals, Exclude My Deals, Exclude My STP Deals, Don't validate";"Open";"No";"0";"";"No";"";"";"EBS Margin";"No";
"427";"alfn.ebsd";"ALFN";"alfn.ebsd";"";"No";"";"";"No Better Prices, Own Deals, Own STP Deals, Exclude My Deals, Exclude My STP Deals";"Open";"No";"0";"";"No";"";"EBSD1: alias = ALFN";"FOK Quote";"No";
"53";"alfn.fxp";"ALFN";"alfn.fxp";"";"";"";"";"No Better Prices, Own Deals, Own STP Deals, Exclude My Deals, Exclude My STP Deals, Don't validate";"Open";"No";"0";"";"No";"";"";"ALFN Stream";"No";
"404";"alfn.soft";"ALFN";"alfn.soft";"";"No";"";"";"No Better Prices, Own Deals, Own STP Deals, Exclude My Deals, Exclude My STP Deals";"Open";"No";"0";"";"No";"";"";"FOK Quote";"No";
"417";"alta.bbg";"ALTA";"alta.bbg";"";"Yes";"";"";"No Better Prices";"Open";"No";"0";"";"No";"";"BBG0: enabled";"FOK Quote";"No";
"30";"alta.int";"ALTA";"alta.int";"";"";"";"";"No Better Prices, Exclude My STP Deals, Don't validate";"Open";"No";"0";"";"No";"";"INT0: alias = ALTA";"Novm.int";"No";
"50";"alta.stp";"ALTA";"alta.stp";"";"";"";"";"";"Indicative";"No";"0";"";"No";"";"";" Not Set ";"No";
"39";"alta1";"ALTA";"alta1";"";"";"";"";"";"Open";"No";"0";"";"Yes";"195.68.152.1;94.198.196.231;192.168.203.9;192.168.203.10;192.168.205.9;192.168.205.10";"";"Clients narrow";"No";
"62";"alta2";"ALTA";"alta2";"";"No";"";"";"";"Open";"No";"0";"";"Yes";"195.68.152.1;94.198.196.231;192.168.203.9;192.168.203.10;192.168.205.9;192.168.205.10";"";"Clients narrow";"No";
"352";"ambk1";"AMBK";"ambk1";"";"Yes";"";"";"";"Indicative";"No";"0";"";"No";"";"";"Clients narrow";"No";
"155";"amer1";"AMER";"amer1";"";"Yes";"";"";"";"Open";"No";"0";"";"Yes";"212.73.73.89;212.73.73.90;185.8.0.205;185.8.0.206;192.168.203.11;192.168.203.12;192.168.203.13;192.168.203.14;192.168.205.11;192.168.205.12;192.168.205.13;192.168.205.14";"a.babayan@ameriabank.com";"Clients far";"No";
"156";"amer2";"AMER";"amer2";"";"No";"";"";"";"Open";"No";"0";"";"Yes";"212.73.73.89;212.73.73.90;185.8.0.205;185.8.0.206;192.168.203.11;192.168.203.12;192.168.203.13;192.168.203.14;192.168.205.11;192.168.205.12;192.168.205.13;192.168.205.14";"b.dalakyan@ameriabank.am";"Clients far";"No";
"157";"amer3";"AMER";"amer3";"";"No";"";"";"";"Open";"No";"0";"";"Yes";"212.73.73.89;212.73.73.90;185.8.0.205;185.8.0.206;192.168.203.11;192.168.203.12;192.168.203.13;192.168.203.14;192.168.205.11;192.168.205.12;192.168.205.13;192.168.205.14";"a.dallakyan@ameriabank.am";"Clients far";"No";
"158";"amer4";"AMER";"amer4";"";"Yes";"";"";"";"Open";"No";"0";"";"Yes";"212.73.73.89;212.73.73.90;185.8.0.205;185.8.0.206;192.168.203.11;192.168.203.12;192.168.203.13;192.168.203.14;192.168.205.11;192.168.205.12;192.168.205.13;192.168.205.14";"d.hakobyan@ameriabank.am";"Clients far";"No";
"159";"amer5";"AMER";"amer5";"";"No";"";"";"";"Open";"No";"0";"";"Yes";"212.73.73.89;212.73.73.90;185.8.0.205;185.8.0.206;192.168.203.11;192.168.203.12;192.168.203.13;192.168.203.14;192.168.205.11;192.168.205.12;192.168.205.13;192.168.205.14";"t.stepanyan@ameriabank.am";"Clients far";"No";
"160";"amer6";"AMER";"amer6";"";"No";"";"";"";"Open";"No";"0";"";"Yes";"212.73.73.89;212.73.73.90;185.8.0.205;185.8.0.206;192.168.203.11;192.168.203.12;192.168.203.13;192.168.203.14;192.168.205.11;192.168.205.12;192.168.205.13;192.168.205.14";"s.sahakyan@ameriabank.am";"Clients far";"No";
"161";"amer7";"AMER";"amer7";"";"No";"";"";"";"Open";"No";"0";"";"Yes";"212.73.73.89;212.73.73.90;185.8.0.205;185.8.0.206;192.168.203.11;192.168.203.12;192.168.203.13;192.168.203.14;192.168.205.11;192.168.205.12;192.168.205.13;192.168.205.14";"e.arzumanyan@ameriabank.am";"Clients far";"No";
"162";"amer8";"AMER";"amer8";"";"No";"";"";"";"Indicative";"No";"0";"";"Yes";"212.73.73.89;212.73.73.90;185.8.0.205;185.8.0.206;192.168.203.11;192.168.203.12;192.168.203.13;192.168.203.14;192.168.205.11;192.168.205.12;192.168.205.13;192.168.205.14";"v.hakobyan@ameriabank.am";"Clients far";"No";
"284";"amer9";"AMER";"amer9";"";"No";"";"";"";"Open";"No";"0";"";"Yes";"212.73.73.89;212.73.73.90;185.8.0.205;185.8.0.206;192.168.203.11;192.168.203.12;192.168.203.13;192.168.203.14;192.168.205.11;192.168.205.12;192.168.205.13;192.168.205.14";"s.virabyan@ameriabank.am";"Clients far";"No";
"415";"amtj1";"AMTJ";"amtj1";"";"Yes";"";"";"";"Indicative";"No";"0";"";"No";"";"";"Clients narrow";"No";
"357";"anlk1";"ANLK";"anlk1";"";"No";"";"";"";"Indicative";"No";"0";"";"No";"";"";"Clients narrow";"No";
"419";"arbk1";"ARBK";"arbk1";"";"Yes";"";"";"";"Indicative";"No";"0";"";"No";"";"";"Clients narrow";"No";
"31";"arec.bbg";"AREC";"arec.bbg";"";"";"";"";"No Better Prices";"Open";"No";"0";"";"No";"";"BBG0: enabled";"FOK Quote";"No";
"362";"arec1";"AREC";"arec1";"";"No";"";"";"";"Open";"No";"0";"";"No";"";"";"Clients narrow";"No";
"293";"asan.bbg";"ASAN";"asan.bbg";"";"Yes";"";"";"No Better Prices";"Open";"No";"0";"";"No";"";"BBG0: enabled";"FOK Quote";"No";
"428";"asan.fxp";"ASAN";"asan.fxp";"";"No";"";"";"No Better Prices, Own Deals, Own STP Deals, Exclude My Deals, Exclude My STP Deals, Don't validate";"Open";"No";"0";"";"No";"";"";"MDM Stream";"No";
"359";"asan1";"ASAN";"asan1";"";"No";"";"";"";"Open";"No";"0";"";"No";"";"";"Clients narrow";"No";
"356";"aswi.bbg";"ASWI";"aswi.bbg";"";"Yes";"";"";"No Better Prices";"Open";"No";"0";"";"No";"";"BBG0: enabled";"FOK Quote";"No";
"184";"aswi1";"ASWI";"aswi1";"";"No";"";"";"";"Open";"No";"0";"";"No";"81.89.210.219;192.168.203.15;192.168.205.15";"ARM SWISS BANK";"Clients narrow";"No";
"220";"aswi2";"ASWI";"aswi2";"";"No";"";"";"";"Open";"No";"0";"";"No";"81.89.210.219;192.168.203.15;192.168.205.15";"ARM SWISS BANK";"Clients narrow";"No";
"221";"aswi3";"ASWI";"aswi3";"";"No";"";"";"";"Open";"No";"0";"";"No";"81.89.210.219;192.168.203.15;192.168.205.15";"ARM SWISS BANK";"Clients narrow";"No";
"378";"avtb1";"AVTB";"avtb1";"";"No";"";"";"";"Indicative";"No";"0";"";"No";"";"";"Clients narrow";"No";
"133";"avto1";"AVTO";"avto1";"";"No";"";"";"";"Open";"No";"0";"";"Yes";"195.66.96.0/24;192.168.203.16;192.168.205.16";"AVTOVAZ BANK";"Clients narrow";"No";
"406";"axgb1";"AXGB";"axgb1";"";"Yes";"";"";"";"Indicative";"No";"0";"";"No";"";"";"Clients narrow";"No";
"396";"baba.bbg";"BABA";"baba.bbg";"";"Yes";"";"";"No Better Prices";"Open";"No";"0";"";"No";"";"BBG0: enabled";"FOK Quote";"No";
"395";"baba1";"BABA";"baba1";"";"Yes";"";"";"";"Indicative";"No";"0";"";"No";"";"Baltikums bank";"Clients narrow";"No";
"179";"bagr1";"BAGR";"bagr1";"";"No";"";"";"";"Indicative";"No";"0";"";"Yes";"86.57.255.166;192.168.203.17;192.168.205.17";"Belagroprombank.02.09.2014";"Clients narrow";"No";
"10";"BBG";"BBG";"BBG";"";"";"";"";"";"Open";"No";"0";"";"No";"";"";" Not Set ";"No";
"8";"bbg1";"BBG";"bbg1";"";"";"";"";"Deleted";"Open";"No";"0";"";"No";"";"";"";"";
"37";"BBG2";"BBG";"BBG2";"";"";"";"";"";"Open";"No";"0";"";"No";"";"";" Not Set ";"No";
"383";"BBG3";"BBG3";"BBG3";"";"Yes";"";"";"No Better Prices";"Open";"No";"0";"";"No";"";"";"FOK Quote";"No";
"38";"BBGC";"BBGC";"BBGC";"";"";"";"";"";"Open";"No";"0";"";"No";"";"";" Not Set ";"No";
"303";"bbrb1";"BBRB";"bbrb1";"";"Yes";"";"";"";"Open";"No";"0";"";"Yes";"87.118.223.0/28;82.112.186.128/25;192.168.203.18;192.168.203.19;192.168.205.18;192.168.205.19";"";"Clients narrow";"No";
"304";"bbrb2";"BBRB";"bbrb2";"";"Yes";"";"";"";"Open";"No";"0";"";"Yes";"87.118.223.0/28;82.112.186.128/25;192.168.203.18;192.168.203.19;192.168.205.18;192.168.205.19";"";"Clients narrow";"No";
"305";"bbrb3";"BBRB";"bbrb3";"";"Yes";"";"";"";"Open";"No";"0";"";"Yes";"87.118.223.0/28;82.112.186.128/25;192.168.203.18;192.168.203.19;192.168.205.18;192.168.205.19";"";"Clients narrow";"No";
"105";"bcfb1";"BCFB";"bcfb1";"";"No";"";"";"";"Open";"No";"0";"";"Yes";"81.211.0.0/17; 212.248.72.131;192.168.203.20; 192.168.203.21;192.168.205.20; 192.168.205.21";"БАНК КОРПОРАТИВНОГО ФИНАНСИРОВАНИЯ";"Clients narrow";"No";
"263";"bcfb2";"BCFB";"bcfb2";"";"No";"";"";"";"Open";"No";"0";"";"Yes";"81.211.0.0/17; 212.248.72.131;192.168.203.20; 192.168.203.21;192.168.205.20; 192.168.205.21";"БАНК КОРПОРАТИВНОГО ФИНАНСИРОВАНИЯ";"Clients narrow";"No";
"431";"bcir1";"BCIR";"bcir1";"";"No";"";"";"";"Open";"No";"0";"";"No";"";"";"Clients narrow";"No";
"290";"bfab.bbg";"BFAB";"bfab.bbg";"";"Yes";"";"";"No Better Prices";"Open";"No";"0";"";"No";"";"BBG0: enabled";"FOK Quote";"No";
"206";"bfab1";"BFAB";"bfab1";"";"No";"";"";"";"Open";"No";"0";"";"Yes";"91.237.20.0/24; 217.119.21.218;192.168.203.22; 192.168.203.23;192.168.205.22; 192.168.205.23";"БФА Банк
тех.спец
a.doynyak@bfa.ru";"Clients narrow Crazy";"No";
"372";"bibx1";"BIBX";"bibx1";"";"Yes";"";"";"";"Indicative";"No";"0";"";"No";"";"";"Clients narrow";"No";
"73";"binb.bbg";"BINB";"binb.bbg";"";"Yes";"";"";"No Better Prices";"Open";"No";"0";"";"No";"";"BBG0: enabled";"FOK Quote";"No";
"209";"binb1";"BINB";"binb1";"";"No";"";"";"";"Open";"No";"0";"";"Yes";"195.200.213.50;192.168.203.24;192.168.205.24";"BIN BANK";"Clients narrow";"No";
"181";"bitb1";"BITB";"bitb1";"";"No";"";"";"";"Indicative";"No";"0";"";"Yes";"212.98.173.84;192.168.203.25;192.168.205.25";"";"Clients narrow";"No";
"324";"bnex.bbg";"BNEX";"bnex.bbg";"";"Yes";"";"";"No Better Prices";"Open";"No";"0";"";"No";"";"BBG0: enabled";"FOK Quote";"No";
"197";"bnex1";"BNEX";"bnex1";"";"No";"";"";"No Better Prices";"Open";"No";"0";"";"Yes";"91.230.50.50;192.168.203.26;192.168.205.26";"Балтинвестбанк.Создан 17.09.2014.";"Clients middle Crazy";"No";
"273";"bocy.bbg";"BOCY";"bocy.bbg";"";"Yes";"";"";"No Better Prices";"Open";"No";"0";"";"No";"";"BBG0: enabled";"FOK Quote";"No";
"93";"bocy.int";"BOCY";"bocy.int";"";"Yes";"";"";"No Better Prices, Don't validate";"Open";"No";"0";"";"No";"";"INT0: alias = BOCY";"Novm.int";"No";
"286";"boge.bbg";"BOGE";"boge.bbg";"";"Yes";"";"";"No Better Prices";"Open";"No";"0";"";"No";"";"BBG0: enabled";"FOK Quote";"No";
"294";"bspb.bbg";"BSPB";"bspb.bbg";"";"Yes";"";"";"No Better Prices";"Open";"No";"0";"";"No";"";"BBG0: enabled";"FOK Quote";"No";
"449";"bspb.ebsd2";"BSPB";"bspb.ebsd2";"";"Yes";"";"";"No Better Prices, Own Deals, Own STP Deals, Exclude My Deals, Exclude My STP Deals";"Open";"No";"0";"";"No";"";"EBSD2: alias = BSPB";"EBS Direct Onshore";"No";
"448";"bspb.ebsdfa";"BSPB";"bspb.ebsdfa";"";"Yes";"";"";"No Better Prices, Own Deals, Own STP Deals, Exclude My Deals, Exclude My STP Deals";"Open";"No";"0";"";"No";"";"EBSD FA: alias = BSPB";"EBS Direct FA";"No";
"94";"bstr1";"BSTR";"bstr1";"";"No";"";"";"";"Open";"No";"0";"";"Yes";"87.249.240.0/20;192.168.203.27;192.168.205.27";"";"Clients middle Crazy";"No";
"113";"bstr2";"BSTR";"bstr2";"";"No";"";"";"";"Indicative";"No";"0";"";"Yes";"87.249.240.0/20;192.168.203.27;192.168.205.27";"";"Clients middle Crazy";"No";
"295";"btfb.bbg";"BTFB";"btfb.bbg";"";"Yes";"";"";"No Better Prices";"Indicative";"No";"0";"";"No";"";"BBG0: enabled";"FOK Quote";"No";
"435";"cbkf.ebsd2";"CBKF";"cbkf.ebsd2";"";"No";"";"";"No Better Prices, Own Deals, Own STP Deals, Exclude My Deals, Exclude My STP Deals";"Open";"No";"0";"";"No";"";"EBSD2: alias = CBKF";"EBS Direct Onshore";"No";
"434";"cbkf.ebsdfa";"CBKF";"cbkf.ebsdfa";"";"No";"";"";"No Better Prices, Own Deals, Own STP Deals, Exclude My Deals, Exclude My STP Deals";"Open";"No";"0";"";"No";"";"EBSD FA: alias = CBKF";"EBS Direct FA";"No";
"346";"cbnn1";"CBNN";"cbnn1";"";"Yes";"";"";"";"Indicative";"No";"0";"";"No";"";"";"Clients narrow";"No";
"389";"cbnn2";"CBNN";"cbnn2";"";"No";"";"";"";"Open";"No";"0";"";"No";"";"";"Clients narrow";"No";
"390";"cbnn3";"CBNN";"cbnn3";"";"Yes";"";"";"";"Open";"No";"0";"";"No";"";"";"Clients narrow";"No";
"391";"cbnn4";"CBNN";"cbnn4";"";"Yes";"";"";"";"Open";"No";"0";"";"No";"";"";"Clients narrow";"No";
"366";"cbya1";"DEFAULT";"cbya1";"";"No";"";"";"";"Indicative";"No";"0";"";"No";"";"";"Clients narrow";"No";
"296";"ccbx.bbg";"CCBX";"ccbx.bbg";"";"Yes";"";"";"No Better Prices";"Indicative";"No";"0";"";"No";"";"BBG0: enabled";"FOK Quote";"No";
"251";"cebm1";"CEBM";"cebm1";"";"Yes";"";"";"";"Indicative";"No";"0";"";"Yes";"10.123.81.36";"Кредит Европа Банка";"Clients narrow";"No";
"282";"cenv3";"CENV";"cenv3";"";"No";"";"";"";"Indicative";"No";"0";"";"No";"";"";"Viena Traders";"No";
"283";"cenv4";"CENV";"cenv4";"";"Yes";"";"";"";"Indicative";"No";"0";"";"No";"";"";"Viena Traders";"No";
"208";"chel.stp";"CHEL";"chel.stp";"";"Yes";"";"";"";"Indicative";"No";"0";"";"Yes";"91.212.137.0/24;192.168.203.28;192.168.205.28";"";" Not Set ";"No";
"207";"chel1";"CHEL";"chel1";"";"No";"";"";"";"Open";"No";"0";"";"Yes";"194.33.94.0/24;192.168.203.29;192.168.205.29";"Челинд банк,создан 30.09";"Clients narrow";"No";
"219";"chel2";"CHEL";"chel2";"";"No";"";"";"";"Open";"No";"0";"";"Yes";"194.33.94.0/24;192.168.203.29;192.168.205.29";"Челинд банк,создан 30.09";"Clients narrow";"No";
"123";"cinb1";"CINB";"cinb1";"";"No";"";"";"";"Indicative";"No";"0";"";"Yes";"81.3.191.90;192.168.203.30;192.168.205.30";"";"Clients narrow";"No";
"200";"corr";"CORR";"corr";"";"Yes";"";"";"";"Open";"No";"0";"";"No";"";"";" Not Set ";"No";
"280";"cs.int";"CS";"cs.int";"";"Yes";"";"";"";"Open";"No";"0";"";"No";"";"INT0: alias = CSMO";"VEST Stream";"No";
"339";"ctcm.bbg";"CTCM";"ctcm.bbg";"";"Yes";"";"";"No Better Prices";"Open";"No";"0";"";"No";"";"BBG0: enabled";"Corporates BBG";"No";
"341";"ctcm.bbg non-trade";"CTCM";"ctcm.bbg non-trade";"";"Yes";"";"";"No Better Prices";"Indicative";"No";"0";"";"No";"";"BBG0: enabled";"Corporates BBG";"No";
"445";"dbaz1";"DBAZ";"dbaz1";"";"Yes";"";"";"";"Indicative";"No";"0";"";"No";"";"";"Clients narrow";"No";
"20";"dcbs.bbg";"DCBS";"dcbs.bbg";"";"";"";"";"No Better Prices";"Open";"No";"0";"";"No";"";"BBG0: enabled";"FOK Quote";"No";
"230";"default";"DEFAULT";"default";"";"Yes";"";"";"";"Indicative";"No";"0";"";"No";"";"";"Clients narrow";"No";
"233";"default.360t";"DEFAULT";"default.360t";"";"Yes";"";"";"No Better Prices";"Indicative";"No";"0";"";"No";"";"360T: alias = default
360T_RFQ: alias = default";"FOK Quote";"No";
"235";"default.api";"DEFAULT.API";"default.api";"";"Yes";"";"";"";"Indicative";"No";"0";"";"No";"";"";"MEIN Stream";"No";
"232";"default.bbg";"DEFAULT";"default.bbg";"";"Yes";"";"";"No Better Prices";"Indicative";"No";"0";"";"No";"";"BBG0: enabled";"FOK Quote";"No";
"234";"default.fxp";"DEFAULT";"default.fxp";"";"Yes";"";"";"";"Indicative";"No";"0";"";"No";"";"";"PSBF Stream";"No";
"231";"default.int";"DEFAULT";"default.int";"";"Yes";"";"";"No Better Prices";"Indicative";"No";"0";"";"No";"";"INT0: alias = default";"Novm.int";"No";
"19";"Demo Stream";"Demo Stream";"demo_rzbm";"";"";"";"";"";"Indicative";"No";"0";"";"No";"";"";" Not Set ";"No";
"176";"demo_1";"Demo Stream";"demo_1";"";"No";"";"";"";"Indicative";"No";"0";"";"No";"";"";"Clients wide";"No";
"229";"eadb.bbg";"EADB";"eadb.bbg";"";"Yes";"";"";"No Better Prices";"Open";"No";"0";"";"No";"";"BBG0: enabled";"FOK Quote";"No";
"95";"EBS";"EBS";"EBS";"";"No";"";"";"";"Open";"No";"0";"";"No";"";"";" Not Set ";"";
"400";"EBSD FA";"EBSD FA";"EBSD FA";"";"Yes";"";"";"No Better Prices";"Open";"No";"0";"";"No";"";"";"EBS Direct FA";"No";
"398";"EBSD1";"EBSD1";"EBSD1";"";"Yes";"";"";"No Better Prices";"Open";"No";"0";"";"No";"";"";"EBS Direct Offshore";"No";
"399";"EBSD2";"EBSD2";"EBSD2";"";"Yes";"";"";"No Better Prices";"Open";"No";"0";"";"No";"";"";"EBS Direct Onshore";"No";
"405";"ecrb1";"ECRB";"ecrb1";"";"Yes";"";"";"";"Indicative";"No";"0";"";"No";"";"";"Clients narrow";"No";
"370";"expo.bbg";"EXPO";"expo.bbg";"";"Yes";"";"";"No Better Prices";"Open";"No";"0";"";"No";"";"BBG0: enabled";"FOK Quote";"No";
"369";"expo1";"EXPO";"expo1";"";"Yes";"";"";"";"Open";"No";"0";"";"No";"";"";"Clients narrow";"No";
"165";"fcbr1";"FCBR";"fcbr1";"";"Yes";"";"";"";"Indicative";"No";"0";"";"Yes";"";"Первый клиентский банк";"Clients narrow";"No";
"261";"fcbr2";"FCBR";"fcbr2";"";"Yes";"";"";"";"Indicative";"No";"0";"";"Yes";"";"Первый клиентский банк";"Clients narrow";"No";
"55";"finp.bbg";"FINP";"finp.bbg";"";"";"";"";"No Better Prices";"Open";"No";"0";"";"No";"";"BBG0: enabled";"FOK Quote";"No";
"70";"finp.stp";"FINP";"finp.stp";"";"";"";"";"";"Indicative";"No";"0";"";"No";"";"";" Not Set ";"No";
"68";"finp1";"FINP";"finp1";"";"No";"";"";"";"Open";"No";"0";"";"No";"212.248.17.146;217.21.214.194;62.76.29.0/24;192.168.203.31;192.168.203.32;192.168.203.33;192.168.205.31;192.168.205.32;192.168.205.33";"";"Clients middle Crazy";"No";
"69";"finp2";"FINP";"finp2";"";"Yes";"";"";"";"Open";"No";"0";"";"No";"212.248.17.146;217.21.214.194;62.76.29.0/24;192.168.203.31;192.168.203.32;192.168.203.33;192.168.205.31;192.168.205.32;192.168.205.33";"";"Clients middle Crazy";"No";
"314";"foba.bbg";"FOBA";"foba.bbg";"";"Yes";"";"";"No Better Prices";"Open";"No";"0";"";"No";"";"BBG0: enabled";"FOK Quote";"No";
"103";"foba1";"FOBA";"foba1";"";"No";"";"";"";"Open";"No";"0";"";"Yes";"94.79.8.52;192.168.203.34;192.168.205.34";"";"Clients narrow";"No";
"152";"frsh1";"FRSH";"frsh1";"";"Yes";"";"";"";"Indicative";"No";"0";"";"Yes";"194.99.116.244;192.168.203.35;192.168.205.35";"";"Clients narrow";"No";
"297";"gazb.bbg";"GAZB";"gazb.bbg";"";"Yes";"";"";"No Better Prices";"Indicative";"No";"0";"";"No";"";"BBG0: enabled";"FOK Quote";"No";
"202";"ggrn1";"GGRN";"ggrn1";"";"Yes";"";"";"";"Indicative";"No";"0";"";"No";"";"";"Clients narrow";"No";
"380";"ginb1";"GINB";"ginb1";"";"Yes";"";"";"";"Indicative";"No";"0";"";"No";"";"";"Clients narrow";"No";
"11";"glbx.bbg";"GLBX";"glbx.bbg";"";"";"";"";"No Better Prices";"Open";"No";"0";"";"No";"";"BBG0: enabled";"FOK Quote";"No";
"170";"glbx1";"GLBX";"glbx1";"";"No";"";"";"No Better Prices, Don't validate";"Open";"No";"0";"";"Yes";"194.59.186.11;192.168.203.36;192.168.205.36";"";"Clients narrow";"No";
"171";"glbx2";"GLBX";"glbx2";"";"No";"";"";"No Better Prices, Don't validate";"Open";"No";"0";"";"Yes";"194.59.186.11;192.168.203.36;192.168.205.36";"";"Clients narrow";"No";
"172";"glbx3";"GLBX";"glbx3";"";"No";"";"";"No Better Prices, Don't validate";"Open";"No";"0";"";"Yes";"194.59.186.11;192.168.203.36;192.168.205.36";"";"Clients narrow";"No";
"307";"glbx4";"GLBX";"glbx4";"";"No";"";"";"No Better Prices, Don't validate";"Open";"No";"0";"";"Yes";"109.188.126.0/20; 194.59.186.11;192.168.203.37; 192.168.203.36;192.168.205.37;192.168.205.36";"";"Clients narrow";"No";
"298";"gnbm.bbg";"GNBM";"gnbm.bbg";"";"Yes";"";"";"No Better Prices";"Indicative";"No";"0";"";"No";"";"BBG0: enabled";"FOK Quote";"No";
"436";"gouk..ebsd2";"GOUK";"gouk.ebsd2";"";"No";"";"";"No Better Prices, Own Deals, Own STP Deals, Exclude My Deals, Exclude My STP Deals";"Open";"No";"0";"";"No";"";"EBSD2: alias = GOUK";"EBS Direct Onshore";"No";
"437";"gouk.ebsdfa";"GOUK";"gouk.ebsdfa";"";"No";"";"";"No Better Prices, Own Deals, Own STP Deals, Exclude My Deals, Exclude My STP Deals";"Open";"No";"0";"";"No";"";"EBSD FA: alias = GOUK";"EBS Direct FA";"No";
"453";"grnt1";"GRNT";"grnt1";"";"No";"";"";"";"Open";"No";"0";"";"No";"";"";"Clients narrow";"No";
"433";"gzpb.ebsd2";"GZPB";"gzpb.ebsd2";"";"No";"";"";"No Better Prices, Own Deals, Own STP Deals, Exclude My Deals, Exclude My STP Deals";"Open";"No";"0";"";"No";"";"EBSD2: alias = GZPB";"EBS Direct Onshore";"No";
"432";"gzpb.ebsdfa";"GZPB";"gzpb.ebsdfa";"";"No";"";"";"No Better Prices, Own Deals, Own STP Deals, Exclude My Deals, Exclude My STP Deals";"Open";"No";"0";"";"No";"";"EBSD FA: alias = GZPB";"EBS Direct FA";"No";
"140";"hbcy1";"HBCY";"hbcy1";"";"No";"";"";"";"Indicative";"No";"0";"";"No";"10.4.49.105";"";"Clients narrow";"No";
"213";"hbru1";"HBRU";"hbru1";"";"No";"";"";"";"Open";"No";"0";"";"Yes";"81.90.0.0/20; 195.96.173.0/24;192.168.203.38; 192.168.203.39;192.168.205.38; 192.168.205.39";"HELLENIC BANK RUSSIA";"Clients narrow";"No";
"299";"ibam.bbg";"IBAM";"ibam.bbg";"";"Yes";"";"";"No Better Prices";"Indicative";"No";"0";"";"No";"";"BBG0: enabled";"FOK Quote";"No";
"174";"ibbm1";"IBBM";"ibbm1";"";"Yes";"";"";"";"Indicative";"No";"0";"";"No";"";"";"Clients narrow";"No";
"199";"idcb1";"IDCB";"idcb1";"";"No";"";"";"";"Open";"No";"0";"";"Yes";"195.96.173.10;81.90.0.0/20;192.168.203.40;192.168.203.38;192.168.205.40;192.168.205.38";"Baltika Commercial Bank OAO (Open from 25.09.2014)";"Clients narrow";"No";
"45";"imbx.360t";"IMBX";"imbx.360t";"";"";"";"";"No Better Prices";"Open";"No";"0";"";"No";"";"360T: alias = UniCredit Bank Russia";"FOK Quote";"No";
"13";"imbx.bbg";"IMBX";"imbx.bbg";"";"";"";"";"No Better Prices";"Open";"No";"0";"";"No";"";"BBG0: enabled";"FOK Quote";"No";
"355";"incm.bbg";"INCM";"incm.bbg";"";"Yes";"";"";"No Better Prices";"Open";"No";"0";"";"No";"";"BBG0: enabled";"FOK Quote";"No";
"336";"incm.stp";"INCM";"incm.stp";"";"Yes";"";"";"";"Indicative";"No";"0";"";"No";"";"";" Not Set ";"No";
"331";"incm1";"INCM";"incm1";"";"No";"";"";"";"Open";"No";"0";"";"No";"";"";"Clients narrow";"No";
"332";"incm2";"INCM";"incm2";"";"Yes";"";"";"";"Open";"No";"0";"";"No";"";"";"Clients narrow";"No";
"386";"incm3";"INCM";"incm3";"";"Yes";"";"";"";"Open";"No";"0";"";"No";"";"";"Clients narrow";"No";
"46";"ingr.bbg";"INGR";"ingr.bbg";"";"";"";"";"No Better Prices";"Open";"No";"0";"";"No";"";"BBG0: enabled";"FOK Quote";"No";
"387";"ingr1";"INGR";"ingr1";"";"Yes";"";"";"";"Indicative";"No";"0";"";"No";"";"ING bank";"Clients narrow";"No";
"136";"inpg.stp";"INPG";"inpg.stp";"";"Yes";"";"";"";"Indicative";"No";"0";"";"No";"195.68.152.1;192.168.203.9;192.168.205.9";"";" Not Set ";"No";
"99";"inpg1";"INPG";"inpg1";"";"No";"";"";"";"Open";"No";"0";"";"Yes";"217.21.208.0/20;192.168.203.41;192.168.205.41";"";"Clients narrow";"No";
"106";"inpg2";"INPG";"inpg2";"";"No";"";"";"";"Open";"No";"0";"";"Yes";"217.21.208.0/20;192.168.203.41;192.168.205.41";"";"Clients narrow";"No";
"228";"inpg3";"INPG";"inpg3";"";"Yes";"";"";"";"Open";"No";"0";"";"Yes";"217.21.208.0/20;192.168.203.41;192.168.205.41";"";"Clients narrow";"No";
"21";"INT";"INT";"INT";"";"";"";"";"";"Open";"No";"0";"";"No";"";"INT0: stream_id = RZBM";"INT Stream";"No";
"48";"INT2";"TOXIC";"INT2";"";"";"";"";"";"Open";"No";"0";"";"No";"";"INT0: stream_id = RZBM2";"Novm.int";"No";
"330";"INT3";"INT Vest";"INT3";"";"Yes";"";"";"";"Open";"No";"0";"";"No";"";"INT0: stream_id = RZBM3";"VEST Stream";"No";
"142";"itbk.bbg";"ITBK";"itbk.bbg";"";"Yes";"";"";"No Better Prices";"Open";"No";"0";"";"No";"";"BBG0: enabled";"FOK Quote";"No";
"135";"itbk.stp";"ITBK";"itbk.stp";"";"Yes";"";"";"";"Indicative";"No";"0";"";"Yes";"172.16.1.221;193.39.249.20;192.168.203.42;192.168.205.42";"";" Not Set ";"No";
"102";"itbk1";"ITBK";"itbk1";"";"No";"";"";"";"Open";"No";"0";"";"Yes";"193.39.249.0/24;192.168.203.43;192.168.205.43";"";"Clients narrow";"No";
"125";"itbk2";"ITBK";"itbk2";"";"No";"";"";"";"Open";"No";"0";"";"Yes";"193.39.249.0/24;192.168.203.43;192.168.205.43";"";"Clients narrow";"No";
"126";"itbk3";"ITBK";"itbk3";"";"No";"";"";"";"Open";"No";"0";"";"Yes";"193.39.249.0/24;192.168.203.43;192.168.205.43";"";"Clients narrow";"No";
"134";"itbk4";"ITBK";"itbk4";"";"No";"";"";"";"Open";"No";"0";"";"Yes";"193.39.249.0/24;192.168.203.43;192.168.205.43";"";"Clients narrow";"No";
"358";"kbaz1";"KBAZ";"kbaz1";"";"No";"";"";"";"Indicative";"No";"0";"";"No";"";"";"Clients narrow";"No";
"425";"kdbu1";"KDBU";"kdbu1";"";"No";"";"";"";"Open";"No";"0";"";"No";"";"";"Clients wide";"No";
"455";"kdbu2";"KDBU";"kdbu2";"";"Yes";"";"";"";"Open";"No";"0";"";"No";"";"";"Clients wide";"No";
"25";"khma.bbg";"KHMA";"khma.bbg";"";"";"";"";"No Better Prices";"Open";"No";"0";"";"No";"";"BBG0: enabled";"FOK Quote";"No";
"29";"khma.fxp";"KHMA";"khma.fxp";"";"";"";"";"No Better Prices, Own Deals, Own STP Deals, Exclude My Deals, Don't validate";"Open";"No";"0";"";"No";"";"";"OFCB Stream";"No";
"110";"khma.stp";"KHMA";"khma.stp";"";"Yes";"";"";"";"Indicative";"No";"0";"";"Yes";"84.47.169.14;213.247.128.128;192.168.203.44;192.168.203.45;192.168.205.44;192.168.205.45";"";" Not Set ";"No";
"111";"khma1";"KHMA";"khma1";"";"No";"";"";"";"Open";"No";"0";"";"Yes";"84.47.169.14; 194.84.109.248;192.168.203.44; 192.168.203.46;192.168.205.44; 192.168.205.46";"";"ALFN Stream";"No";
"112";"khma2";"KHMA";"khma2";"";"Yes";"";"";"";"Open";"No";"0";"";"Yes";"84.47.169.14; 194.84.109.248;192.168.203.44; 192.168.203.46;192.168.205.44; 192.168.205.46";"";"ALFN Stream";"No";
"414";"kicb1";"KICB";"kicb1";"";"Yes";"";"";"";"Indicative";"No";"0";"";"No";"";"";"Clients narrow";"No";
"203";"kkpb1";"KKPB";"kkpb1";"";"Yes";"";"";"";"Indicative";"No";"0";"";"No";"";"";"Clients narrow";"No";
"217";"kolt1";"KOLT";"kolt1";"";"No";"";"";"";"Open";"No";"0";"";"Yes";"195.182.28.0/24;192.168.203.47;192.168.205.47";"Кольцо Урала,09.10.2014";"Clients narrow";"No";
"326";"kras.bbg";"KRAS";"kras.bbg";"";"Yes";"";"";"No Better Prices";"Open";"No";"0";"";"No";"";"BBG0: enabled";"Corporates BBG";"No";
"367";"lbrt.bbg";"LBRT";"lbrt.bbg";"";"Yes";"";"";"No Better Prices";"Open";"No";"0";"";"No";"";"BBG0: enabled";"FOK Quote";"No";
"216";"lbrt1";"LBRT";"lbrt1";"";"No";"";"";"No Better Prices";"Open";"No";"0";"";"Yes";"91.234.228.250,213.131.34.0/24;192.168.203.48,192.168.203.49;192.168.205.48,192.168.205.49";"JSC Liberty Bank
213.131.34.0/24 - прописал,т.к клиент подключался с данного IP,требуется уточнить IP перед OPEN
";"Clients wide";"No";
"316";"lbrt2";"LBRT";"lbrt2";"";"No";"";"";"No Better Prices";"Open";"No";"0";"";"No";"91.234.228.250,213.131.34.0/24;192.168.203.48,192.168.203.49;192.168.205.48,192.168.205.49";"JSC Liberty Bank
213.131.34.0/24 - прописал,т.к клиент подключался с данного IP,требуется уточнить IP перед OPEN
";"Clients wide";"No";
"360";"lenb1";"LENB";"lenb1";"";"No";"";"";"";"Indicative";"No";"0";"";"No";"";"";"Clients narrow";"No";
"85";"lent.bbg";"LENT";"lent.bbg";"";"Yes";"";"";"No Better Prices";"Open";"No";"0";"";"No";"";"BBG0: enabled";"Corporates BBG";"No";
"163";"levb1";"LEVB";"levb1";"";"No";"";"";"";"Open";"No";"0";"";"Yes";"212.17.30.194;192.168.203.50;192.168.205.50";"zss@nskbl.ru";"Clients narrow";"No";
"186";"loko1";"LOKO";"loko1";"";"No";"";"";"No Better Prices";"Open";"No";"0";"";"Yes";"91.205.180.73;192.168.203.51;192.168.205.51";"Локо Банк.Создан 05.09.2014.";"Clients narrow";"No";
"403";"ltbr1";"LTBR";"ltbr1";"";"No";"";"";"";"Indicative";"No";"0";"";"No";"";"";"Clients narrow";"No";
"347";"mabm.api";"MABM";"mabm.api";"";"Yes";"";"";"No Better Prices";"Indicative";"No";"0";"";"Yes";"213.79.64.0/18;109.188.124.0/22;80.253.24.248;192.168.203.52;192.168.203.53;192.168.203.54;192.168.205.52;192.168.205.53;192.168.205.54";"INTERNATIONAL JOINT STOCK BANK";"MABM Stream";"No";
"258";"mabm.stp";"MABM";"mabm.stp";"";"Yes";"";"";"";"Indicative";"No";"0";"";"No";"213.79.64.0/18;192.168.203.52;192.168.205.52";"INTERNATIONAL JOINT STOCK BANK";"MABM Stream";"No";
"222";"mabm1";"MABM";"mabm1";"";"No";"";"";"";"Indicative";"No";"0";"";"Yes";"213.79.64.0/18;109.188.124.0/22;192.168.203.52;192.168.203.53;192.168.205.52;192.168.205.53";"INTERNATIONAL JOINT STOCK BANK";"MABM Stream";"No";
"257";"mabm2";"MABM";"mabm2";"";"No";"";"";"No Better Prices";"Indicative";"No";"0";"";"Yes";"213.79.64.0/18;109.188.124.0/22;178.209.98.210;192.168.203.52;192.168.203.53;192.168.205.52;192.168.203.37";"INTERNATIONAL JOINT STOCK BANK";"MABM Stream";"No";
"348";"mabm2.api";"MABM";"mabm2.api";"";"Yes";"";"";"No Better Prices";"Indicative";"No";"0";"";"Yes";"213.79.64.0/18;109.188.124.0/22;80.253.24.248;192.168.203.52;192.168.203.53;192.168.205.52;192.168.205.53";"INTERNATIONAL JOINT STOCK BANK";"MABM Stream";"No";
"402";"mbrd.bbg";"MBRD";"mbrd.bbg";"";"Yes";"";"";"No Better Prices";"Open";"No";"0";"";"No";"";"BBG0: enabled";"FOK Quote";"No";
"333";"mcap1";"MCAP";"mcap1";"";"No";"";"";"";"Open";"No";"0";"";"No";"";"MASTER-CAPITAL - подключен 23.03.2015";"Clients narrow";"No";
"300";"mcbr.bbg";"MCBR";"mcbr.bbg";"";"Yes";"";"";"No Better Prices";"Indicative";"No";"0";"";"No";"";"BBG0: enabled";"FOK Quote";"No";
"49";"MCX";"MCX";"MCX";"";"";"";"";"No Better Prices, Don't validate";"Open";"No";"0";"";"No";"";"";" Not Set ";"No";
"43";"mdmb.360t";"MDMB";"mdmb.360t";"";"";"";"";"No Better Prices";"Open";"No";"0";"";"No";"";"360T: alias = MDM BANK";"FOK Quote";"No";
"54";"mdmb.bbg";"MDMB";"mdmb.bbg";"";"";"";"";"No Better Prices";"Open";"No";"0";"";"No";"";"BBG0: enabled";"FOK Quote";"No";
"91";"mdmb.fxp";"MDMB";"mdmb.fxp";"";"No";"";"";"No Better Prices, Own Deals, Own STP Deals, Exclude My Deals, Exclude My STP Deals, Don't validate";"Open";"No";"0";"";"No";"";"";"MDM Stream";"No";
"66";"mdmb1";"MDMB";"mdmb1";"";"";"";"";"";"Open";"No";"0";"";"Yes";"194.176.100.68";"";"MDM Stream";"No";
"67";"mdmb2";"MDMB";"mdmb2";"";"";"";"";"";"Open";"No";"0";"";"Yes";"194.176.100.68";"";"MDM Stream";"No";
"153";"mein.api";"MEIN";"mein.api";"";"Yes";"";"";"No Better Prices, Don't validate";"Open";"No";"0";"";"No";"";"";"MEIN Stream";"No";
"274";"mein.bbg";"MEIN";"mein.bbg";"";"Yes";"";"";"No Better Prices";"Open";"No";"0";"";"No";"";"BBG0: enabled";"FOK Quote";"No";
"168";"mein1";"MEIN";"mein1";"";"No";"";"";"";"Open";"No";"0";"";"No";"";"";"MEIN Stream";"No";
"262";"mein1_test";"MEIN_TEST";"mein1_test";"";"No";"";"";"Deleted";"Open";"No";"0";"";"No";"";"";"Corporates 360t";"No";
"260";"mein2";"MEIN";"mein2";"";"No";"";"";"";"Open";"No";"0";"";"No";"";"";"MEIN Stream";"No";
"264";"mein3";"MEIN";"mein3";"";"No";"";"";"";"Open";"No";"0";"";"No";"";"";"MEIN Stream";"No";
"408";"miab.bbg";"MIAB";"miab.bbg";"";"Yes";"";"";"No Better Prices";"Open";"No";"0";"";"No";"";"BBG0: enabled";"FOK Quote";"No";
"194";"mikb1";"MIKB";"mikb1";"";"No";"";"";"Deleted";"Indicative";"No";"0";"";"No";"91.227.185.0/24";"BC MOLDINDCONBANK SA, MOLDOVA";" Not Set ";"No";
"223";"mikb2";"MIKB";"mikb2";"";"No";"";"";"No Better Prices, Don't validate";"Open";"No";"0";"";"Yes";"91.227.185.0/24;192.168.203.56;192.168.205.56";"BC MOLDINDCONBANK SA, MOLDOVA";"Clients narrow";"No";
"224";"mikb3";"MIKB";"mikb3";"";"No";"";"";"No Better Prices, Don't validate";"Open";"No";"0";"";"Yes";"91.227.185.0/24;192.168.203.56;192.168.205.56";"BC MOLDINDCONBANK SA, MOLDOVA";"Clients narrow";"No";
"225";"mikb4";"MIKB";"mikb4";"";"No";"";"";"No Better Prices, Don't validate";"Open";"No";"0";"";"Yes";"91.227.185.0/24;192.168.203.56;192.168.205.56";"BC MOLDINDCONBANK SA, MOLDOVA";"Clients narrow";"No";
"226";"mikb5";"MIKB";"mikb5";"";"No";"";"";"No Better Prices, Don't validate";"Open";"No";"0";"";"Yes";"91.227.185.0/24;192.168.203.56;192.168.205.56";"BC MOLDINDCONBANK SA, MOLDOVA";"Clients narrow";"No";
"227";"mikb6";"MIKB";"mikb6";"";"Yes";"";"";"No Better Prices, Don't validate";"Open";"No";"0";"";"Yes";"91.227.185.0/24;192.168.203.56;192.168.205.56";"BC MOLDINDCONBANK SA, MOLDOVA";"Clients narrow";"No";
"409";"milb.bbg";"MILB";"milb.bbg";"";"Yes";"";"";"No Better Prices";"Open";"No";"0";"";"No";"";"BBG0: enabled";"Corporates BBG";"No";
"410";"milb.bbg non-trade";"MILB";"milb.bbg non-trade";"";"Yes";"";"";"No Better Prices";"Indicative";"No";"0";"";"No";"";"Ренесанс констракшен зао";"Corporates BBG";"No";
"411";"mimh.bbg";"MIMH";"mimh.bbg";"";"Yes";"";"";"No Better Prices";"Open";"No";"0";"";"No";"";"BBG0: enabled";"Corporates BBG";"No";
"412";"mios.bbg";"MIOS";"mios.bbg";"";"Yes";"";"";"No Better Prices";"Open";"No";"0";"";"No";"";"BBG0: enabled";"Corporates BBG";"No";
"413";"mius.bbg";"MIUS";"mius.bbg";"";"Yes";"";"";"No Better Prices";"Open";"No";"0";"";"No";"";"BBG0: enabled";"Corporates BBG";"No";
"301";"mmbm.bbg";"MMBM";"mmbm.bbg";"";"Yes";"";"";"No Better Prices";"Indicative";"No";"0";"";"No";"";"BBG0: enabled";"FOK Quote";"No";
"150";"mmpb1";"MMPB";"mmpb1";"";"Yes";"";"";"";"Open";"No";"0";"";"No";"91.230.82.241;192.168.203.57;192.168.205.57";"";"Clients narrow";"No";
"361";"mvkb1";"MVKB";"mvkb1";"";"Yes";"";"";"";"Indicative";"No";"0";"";"No";"";"";"Clients narrow";"No";
"138";"nacr1";"NACR";"nacr1";"";"No";"";"";"Deleted";"Open";"No";"0";"";"Yes";"217.69.207.144/28;195.151.113.128/26";"217.69.207.144/28
195.151.113.128/26

";" Not Set ";"No";
"309";"nbdb1";"NBDB";"nbdb1";"";"No";"";"";"";"Open";"No";"0";"";"No";"";"";"Clients narrow";"No";
"334";"ncag.bbg";"NCAG";"ncag.bbg";"";"Yes";"";"";"No Better Prices";"Open";"No";"0";"";"No";"";"BBG0: enabled";"Corporates BBG";"No";
"14";"ndbm.bbg";"NDBM";"ndbm.bbg";"";"";"";"";"No Better Prices";"Open";"No";"0";"";"No";"";"BBG0: enabled";"FOK Quote";"No";
"34";"ndbm.stp";"NDBM";"ndbm.stp";"";"";"";"";"";"Indicative";"No";"0";"";"No";"";"";" Not Set ";"No";
"27";"ndbm1";"NDBM";"ndbm1";"";"";"";"";"";"Open";"No";"0";"";"Yes";"194.190.102.0/24;83.242.145.160/27;83.229.211.128/27;192.168.203.58;192.168.203.59;192.168.203.60;192.168.205.58;192.168.205.59;192.168.205.60";"";"Clients narrow";"No";
"33";"ndbm2";"NDBM";"ndbm2";"";"";"";"";"";"Open";"No";"0";"";"Yes";"194.190.102.0/24;83.242.145.160/27;83.229.211.128/27;192.168.203.58;192.168.203.59;192.168.203.60;192.168.205.58;192.168.205.59;192.168.205.60";"";"Clients narrow";"No";
"121";"neal1";"NEAL";"neal1";"";"No";"";"";"";"Open";"No";"0";"";"Yes";"212.44.128.0/19;192.168.203.61;192.168.205.61";"";"Clients narrow";"No";
"51";"nmos.360t";"NMOS";"nmos.360t";"";"";"";"";"No Better Prices";"Open";"No";"0";"";"No";"";"360T: alias = NOMOS BANK";"FOK Quote";"No";
"182";"norx.bbg";"NORX";"norx.bbg";"";"Yes";"";"";"No Better Prices";"Open";"No";"0";"";"No";"";"BBG0: enabled";"FOK Quote";"No";
"249";"nota1";"NOTA";"nota1";"";"Yes";"";"";"";"Open";"No";"0";"";"Yes";"83.234.0.0/16;192.168.203.62;192.168.205.62";"NOTA-BANK";"Clients narrow";"No";
"256";"nota2";"NOTA";"nota2";"";"No";"";"";"";"Open";"No";"0";"";"Yes";"83.234.0.0/16;192.168.203.62;192.168.205.62";"NOTA-BANK";"Clients narrow";"No";
"9";"novm.bbg";"NOVM";"novm.bbg";"";"";"1024";"2048";"No Better Prices, Exclude My STP Deals";"Open";"No";"0";"";"No";"";"BBG0: enabled";"FOK Quote";"No";
"22";"novm.int";"NOVM";"novm.int";"";"";"";"";"No Better Prices, Exclude My STP Deals, Don't validate";"Open";"No";"0";"";"No";"";"INT0: alias = NOVIKOM";"Novm.int";"No";
"35";"novm.stp";"NOVM";"novm.stp";"";"";"";"";"";"Indicative";"No";"0";"";"No";"";"";" Not Set ";"No";
"250";"novm.trd";"NOVM";"novm.trd";"";"No";"";"";"No Better Prices, Don't validate";"Open";"No";"0";"";"No";"";"";"Novm.trd";"No";
"7";"novm1";"NOVM";"novm1";"";"No";"";"";"";"Open";"No";"0";"";"Yes";"212.44.128.0/19,86.62.64.0/18;192.168.203.61,192.168.203.63;192.168.205.61,192.168.205.63";"";"Novm.trd";"No";
"64";"novm2";"NOVM";"novm2";"";"No";"";"";"";"Open";"No";"0";"";"Yes";"212.44.128.0/19,86.62.64.0/18;192.168.203.61,192.168.203.63;192.168.205.61,192.168.205.63";"";"Novm.trd";"No";
"354";"nrbk1";"NRBK";"nrbk1";"";"Yes";"";"";"";"Indicative";"No";"0";"";"No";"";"";"Clients narrow";"No";
"185";"obim1";"OBIM";"obim1";"";"No";"";"";"";"Indicative";"No";"0";"";"No";"";"";"Clients narrow";"No";
"285";"obrm.int";"OBRM";"obrm.int";"";"Yes";"";"";"No Better Prices, Exclude My STP Deals, Don't validate";"Open";"No";"0";"";"No";"";"INT0: alias = OBRM";"Novm.int";"No";
"239";"obrm.stp";"OBRM";"obrm.stp";"";"Yes";"";"";"";"Indicative";"No";"0";"";"Yes";"195.35.108.0/26;192.168.203.64;192.168.205.64";"банк Образование";" Not Set ";"No";
"238";"obrm1";"OBRM";"obrm1";"";"No";"";"";"";"Open";"No";"0";"";"Yes";"195.35.108.0/26;192.168.203.64;192.168.205.64";"банк Образование.Завести коконат как заведут в WSS!!!";"Clients narrow";"No";
"128";"ocsp1";"OCSP";"ocsp1";"";"No";"";"";"";"Indicative";"No";"0";"";"Yes";"80.246.252.18;192.168.203.65;192.168.205.65";"";"Clients narrow";"No";
"214";"ofcb.fxp";"OFCB";"ofcb.fxp";"";"No";"";"";"No Better Prices, Own Deals, Own STP Deals, Exclude My Deals, Don't validate";"Open";"No";"0";"";"Yes";"195.146.82.186;192.168.203.66;192.168.205.66";"";"OFCB Stream";"No";
"211";"ofcb.stp";"OFCB";"ofcb.stp";"";"Yes";"";"";"";"Indicative";"No";"0";"";"Yes";"193.138.82.0/24,91.208.166.0/24;192.168.203.67,192.168.203.68;192.168.205.67,192.168.205.68";"Открытие фин корпорация";" Not Set ";"No";
"205";"ofcb1";"OFCB";"ofcb1";"";"No";"";"";"";"Open";"No";"0";"";"Yes";"193.138.82.0/24,91.208.166.0/24;192.168.203.67,192.168.203.68;192.168.205.67,192.168.205.68";"Bank Otkritie Financial Corporation";"ALFN Stream";"No";
"122";"orgb1";"ORGB";"orgb1";"";"Yes";"";"";"";"Indicative";"No";"0";"";"Yes";"196.196.196.40;192.168.203.69;192.168.205.69";"";"Clients narrow";"No";
"18";"otkr.bbg";"OTKR";"otkr.bbg";"";"";"";"";"No Better Prices";"Open";"No";"0";"";"No";"";"BBG0: enabled";"FOK Quote";"No";
"440";"otkr.ebsd2";"OFCB";"otkr.ebsd2";"";"No";"";"";"No Better Prices, Own Deals, Own STP Deals, Exclude My Deals, Exclude My STP Deals";"Open";"No";"0";"";"No";"";"EBSD2: alias = OTKR";"EBS Direct Onshore";"No";
"441";"otkr.ebsdfa";"OFCB";"otkr.ebsdfa";"";"No";"";"";"No Better Prices, Own Deals, Own STP Deals, Exclude My Deals, Exclude My STP Deals";"Open";"No";"0";"";"No";"";"EBSD FA: alias = OTKR";"EBS Direct FA";"No";
"90";"otkr.int";"OTKR";"otkr.int";"";"Yes";"";"";"No Better Prices, Don't validate";"Open";"No";"0";"";"No";"";"INT0: alias = OTKR";"Clients narrow";"No";
"429";"otmb1";"OTMB";"otmb1";"";"Yes";"";"";"Deleted";"Indicative";"No";"0";"";"No";"";"";"Clients narrow";"No";
"26";"otpm.bbg";"OTPM";"otpm.bbg";"";"";"";"";"No Better Prices";"Open";"No";"0";"";"No";"";"BBG0: enabled";"FOK Quote";"No";
"107";"otpm1";"OTPM";"otpm1";"";"No";"";"";"";"Open";"No";"0";"";"Yes";"194.50.120.243;194.50.120.247;194.50.120.248;194.50.120.250;194.50.120.251;192.168.203.70;192.168.203.71;192.168.203.72;192.168.203.73;192.168.203.74;192.168.205.70;192.168.205.71;192.168.205.72;192.168.205.73;192.168.205.74";"";"Clients narrow Crazy";"No";
"108";"otpm2";"OTPM";"otpm2";"";"No";"";"";"";"Open";"No";"0";"";"Yes";"194.50.120.243;194.50.120.247;194.50.120.248;194.50.120.250;194.50.120.251;192.168.203.70;192.168.203.71;192.168.203.72;192.168.203.73;192.168.203.74;192.168.205.70;192.168.205.71;192.168.205.72;192.168.205.73;192.168.205.74";"";"Clients narrow Crazy";"No";
"120";"otpm3";"OTPM";"otpm3";"";"No";"";"";"";"Indicative";"No";"0";"";"Yes";"194.50.120.243;194.50.120.247;194.50.120.248;194.50.120.250;194.50.120.251;192.168.203.70;192.168.203.71;192.168.203.72;192.168.203.73;192.168.203.74;192.168.205.70;192.168.205.71;192.168.205.72;192.168.205.73;192.168.205.74";"";"Clients narrow Crazy";"No";
"376";"pari1";"PARI";"pari1";"";"Yes";"";"";"";"Indicative";"No";"0";"";"No";"";"";"Clients narrow";"No";
"23";"pbaz.bbg";"PBAZ";"pbaz.bbg";"";"";"";"";"No Better Prices";"Open";"No";"0";"";"No";"";"BBG0: enabled";"FOK Quote";"No";
"401";"pbtm1";"PBTM";"pbtm1";"";"Yes";"";"";"";"Indicative";"No";"0";"";"No";"";"";"Clients narrow";"No";
"344";"phag.bbg";"PHAG";"phag.bbg";"";"Yes";"";"";"No Better Prices";"Open";"No";"0";"";"No";"";"BBG0: enabled";"Corporates BBG";"No";
"340";"plgd.bbg";"PGLD";"plgd.bbg";"";"Yes";"";"";"No Better Prices";"Open";"No";"0";"";"No";"";"BBG0: enabled";"Corporates BBG";"No";
"87";"pmiz.360t";"PMIZ";"pmiz.360t";"";"Yes";"";"";"No Better Prices";"Open";"No";"0";"";"No";"";"360T: alias = PM Izhora
360T_RFQ: alias = PM Izhora";"Corporates 360t";"No";
"97";"pmkb.360t";"PMKB";"pmkb.360t";"";"Yes";"";"";"No Better Prices";"Open";"No";"0";"";"No";"";"360T: alias = PM Kuban
360T_RFQ: alias = PM Kuban";"Corporates 360t";"No";
"86";"pmsm.360t";"PMSM";"pmsm.360t";"";"Yes";"";"";"No Better Prices";"Open";"No";"0";"";"No";"";"360T: alias = PM S and M
360T_RFQ: alias = PM S and M";"Corporates 360t";"No";
"267";"poscorr";"SPOT02";"poscorr";"";"No";"";"";"";"Open";"No";"0";"";"No";"";"для корректировок";" Not Set ";"No";
"392";"prag1";"PRAG";"prag1";"";"No";"";"";"";"Indicative";"No";"0";"";"No";"";"";"Clients narrow";"No";
"393";"prag2";"PRAG";"prag2";"";"Yes";"";"";"";"Indicative";"No";"0";"";"No";"";"";"Clients narrow";"No";
"15";"prbm.bbg";"PRBM";"prbm.bbg";"";"";"";"";"No Better Prices";"Open";"No";"0";"";"No";"";"BBG0: enabled";"FOK Quote";"No";
"343";"prmt.bbg";"PRMT";"prmt.bbg";"";"Yes";"";"";"No Better Prices";"Open";"No";"0";"";"No";"";"BBG0: enabled";"FOK Quote";"No";
"115";"prmt1";"PRMT";"prmt1";"";"No";"";"";"";"Open";"No";"0";"";"Yes";"92.50.219.161;192.168.203.75;192.168.205.75";"";"Clients narrow";"No";
"252";"prob.bbg";"PROB";"prob.bbg";"";"Yes";"";"";"No Better Prices";"Open";"No";"0";"";"No";"";"BBG0: enabled";"FOK Quote";"No";
"253";"prob1";"PROB";"prob1";"";"Yes";"";"";"";"Open";"No";"0";"";"No";"";"Пробизнесбанк";"Clients narrow";"No";
"104";"prym1";"PRYM";"prym1";"";"No";"";"";"";"Open";"No";"0";"";"Yes";"91.213.113.231;192.168.203.76;192.168.205.76";"";"Clients narrow";"No";
"109";"psbf.api";"PSBF";"psbf.api";"";"No";"";"";"";"Open";"No";"0";"";"No";"";"";"PSBF Stream";"No";
"16";"psbf.bbg";"PSBF";"psbf.bbg";"";"";"";"";"No Better Prices";"Open";"No";"0";"";"No";"";"BBG0: enabled";"FOK Quote";"No";
"418";"psbf.ebsd";"PSBF";"psbf.ebsd";"";"Yes";"";"";"Deleted, No Better Prices";"Open";"No";"0";"";"No";"";"EBSD1: alias = PROMSVYAZBANK";"Clients narrow";"No";
"456";"psbf.ebsd2";"PSBF";"psbf.ebsd2";"";"No";"";"";"No Better Prices, Own Deals, Own STP Deals, Exclude My Deals, Exclude My STP Deals";"Open";"No";"0";"";"No";"";"EBSD2: alias = PSBF";"EBS Direct Onshore";"No";
"457";"psbf.ebsdfa";"PSBF";"psbf.ebsdfa";"";"No";"";"";"No Better Prices, Own Deals, Own STP Deals, Exclude My Deals, Exclude My STP Deals";"Open";"No";"0";"";"No";"";"EBSD FA: alias = PSBF";"EBS Direct FA";"No";
"337";"psbf.fxp";"PSBF";"psbf.fxp";"";"No";"";"";"No Better Prices, Own Deals, Own STP Deals, Exclude My Deals, Don't validate";"Open";"No";"0";"";"No";"";"";"PSBF Stream";"No";
"28";"psbf.int";"PSBF";"psbf.int";"";"";"";"";"No Better Prices, Don't validate";"Open";"No";"0";"";"No";"";"INT0: alias = PSBF";"Novm.int";"No";
"129";"psbf.stp";"PSBF";"psbf.stp";"";"Yes";"";"";"";"Indicative";"No";"0";"";"No";"";"";" Not Set ";"";
"96";"psbf1";"PSBF";"psbf1";"";"No";"";"";"";"Open";"No";"0";"";"No";"";"";"Clients narrow";"No";
"130";"psbf2";"PSBF";"psbf2";"";"Yes";"";"";"";"Open";"No";"0";"";"No";"";"";"Clients narrow";"No";
"218";"qbfn.api";"QBFN";"qbfn.api";"";"Yes";"";"";"No Better Prices, Don't validate";"Closed";"No";"0";"";"No";"";"";"MEIN Stream";"No";
"430";"qtmb1";"QTMB";"qtmb1";"";"No";"";"";"";"Indicative";"No";"0";"";"No";"";"";"Clients narrow";"No";
"139";"raif.bbg";"RAIF";"raif.bbg";"";"Yes";"";"";"No Better Prices";"Open";"No";"0";"";"No";"";"BBG0: enabled";"FOK Quote";"No";
"24";"rbiv.int";"RBIV";"rbiv.int";"";"";"";"";"No Better Prices, Don't validate";"Open";"No";"0";"";"No";"";"INT0: alias = RBIV";"Novm.int";"No";
"190";"rbkb.bbg";"RBKB";"rbkb.bbg";"";"Yes";"";"";"No Better Prices";"Open";"No";"0";"";"No";"";"BBG0: enabled";"FOK Quote";"No";
"268";"rcb";"Demo Stream";"rcb";"";"Yes";"";"";"Deleted";"Indicative";"No";"0";"";"No";"";"";"Viena Traders";"No";
"269";"rcb1";"RCB";"rcb1";"";"Yes";"";"";"Deleted";"Indicative";"No";"0";"";"No";"";"RCB";"Viena Traders";"No";
"192";"rcbl.bbg";"RCBL";"rcbl.bbg";"";"Yes";"";"";"No Better Prices";"Open";"No";"0";"";"No";"";"BBG0: enabled";"FOK Quote";"No";
"385";"rcbl.stp";"RCBL";"rcbl.stp";"";"Yes";"";"";"";"Indicative";"No";"0";"";"No";"195.68.152.1;192.168.203.9;192.168.205.9";"";" Not Set ";"No";
"189";"rcbl1";"RCBL";"rcbl1";"";"No";"";"";"";"Open";"No";"0";"";"No";"194.190.102.0/24;83.242.145.160/27;83.229.211.128/27";"";"Clients wide";"No";
"241";"rcbl2";"RCBL";"rcbl2";"";"No";"";"";"";"Open";"No";"0";"";"No";"194.190.102.0/24;83.242.145.160/27;83.229.211.128/27";"";"Clients wide";"No";
"242";"rcbl3";"RCBL";"rcbl3";"";"No";"";"";"";"Open";"No";"0";"";"No";"194.190.102.0/24;83.242.145.160/27;83.229.211.128/27";"";"Clients wide";"No";
"388";"rcbl4";"RCBL";"rcbl4";"";"Yes";"";"";"";"Open";"No";"0";"";"No";"194.190.102.0/24;83.242.145.160/27;83.229.211.128/27";"";"Clients wide";"No";
"421";"rcbw.bbg";"RCBW";"rcbw.bbg";"";"Yes";"";"";"No Better Prices";"Open";"No";"0";"";"No";"";"BBG0: enabled";"FOK Quote";"No";
"420";"rcbw.trd";"RCBW";"rcbw.trd";"";"No";"";"";"No Better Prices, Don't validate";"Open";"No";"0";"";"No";"";"";"Novm.trd";"No";
"312";"rebm.stp";"REBM";"rebm.stp";"";"Yes";"";"";"";"Indicative";"No";"0";"";"Yes";"91.217.102.0/24;192.168.203.77;192.168.205.77";"РОСЕВРОБАНК.Создан10.09.2014.";"Clients narrow";"No";
"187";"rebm1";"REBM";"rebm1";"";"No";"";"";"";"Open";"No";"0";"";"Yes";"91.217.102.0/24;192.168.203.77;192.168.205.77";"РОСЕВРОБАНК.Создан10.09.2014.";"FOK Quote";"No";
"321";"rebm2";"REBM";"rebm2";"";"No";"";"";"";"Open";"No";"0";"";"Yes";"91.217.102.0/24;192.168.203.77;192.168.205.77";"РОСЕВРОБАНК.Создан10.09.2014.";"FOK Quote";"No";
"322";"rebm3";"REBM";"rebm3";"";"No";"";"";"";"Open";"No";"0";"";"Yes";"91.217.102.0/24;192.168.203.77;192.168.205.77";"РОСЕВРОБАНК.Создан10.09.2014.";"FOK Quote";"No";
"345";"rebm4";"REBM";"rebm4";"";"Yes";"";"";"";"Open";"No";"0";"";"No";"91.217.102.0/24";"РОСЕВРОБАНК.Создан10.09.2014.";"FOK Quote";"No";
"193";"repb1";"REPB";"repb1";"";"Yes";"";"";"";"Indicative";"No";"0";"";"Yes";"172.28.44.219";"JSC BANK REPUBLIC, GEORGIA";"Clients narrow";"No";
"423";"ret";"RET";"ret";"";"Yes";"";"";"No Better Prices, Don't validate";"Open";"No";"0";"";"No";"";"";"Position Keeping";"No";
"422";"retail";"Retail";"Retail";"";"Yes";"";"";"";"Open";"No";"0";"";"No";"";"";"Position Keeping";"No";
"373";"ribr1";"RIBR";"ribr1";"";"No";"";"";"";"Indicative";"No";"0";"";"No";"";"";"Clients narrow";"No";
"374";"riet1";"RIET";"riet1";"";"Yes";"";"";"";"Indicative";"No";"0";"";"No";"";"";"Clients narrow";"No";
"131";"rinb1";"RINB";"rinb1";"";"No";"";"";"";"Open";"No";"0";"";"Yes";"62.76.122.0/24;192.168.203.78;192.168.205.78";"";"Clients narrow";"No";
"240";"rinb2";"RINB";"rinb2";"";"No";"";"";"";"Open";"No";"0";"";"Yes";"62.76.122.0/24;192.168.203.78;192.168.205.78";"Росинтербанк";"Clients narrow";"No";
"291";"rncn.bbg";"RNCN";"rncn.bbg";"";"Yes";"";"";"No Better Prices";"Open";"No";"0";"";"No";"";"BBG0: enabled";"Corporates BBG";"No";
"313";"rncn.bbg non-trade";"RNCN";"rncn.bbg non-trade";"";"Yes";"";"";"No Better Prices";"Indicative";"No";"0";"";"No";"";"Ренесанс констракшен зао";"Corporates BBG";"No";
"292";"rnhv.bbg";"RNHV";"rnhv.bbg";"";"Yes";"";"";"No Better Prices";"Open";"No";"0";"";"No";"";"BBG0: enabled";"Corporates BBG";"No";
"318";"roni.fxp";"RONI";"roni.fxp";"";"No";"";"";"No Better Prices, Own Deals, Own STP Deals, Exclude My Deals, Don't validate";"Open";"No";"0";"";"No";"";"";"Ronin";"No";
"317";"roni1";"RONI";"roni1";"";"Yes";"";"";"";"Open";"No";"0";"";"No";"";"RONIN EUROPE LIMITED";"Ronin";"No";
"349";"roni2";"RONI";"roni2";"";"No";"";"";"";"Open";"No";"0";"";"No";"";"RONIN EUROPE LIMITED";"Ronin";"No";
"350";"roni3";"RONI";"roni3";"";"Yes";"";"";"";"Open";"No";"0";"";"No";"";"RONIN EUROPE LIMITED";"Ronin";"No";
"275";"ropr.bbg";"ROPR";"ropr.bbg";"";"Yes";"";"";"No Better Prices";"Open";"No";"0";"";"No";"";"BBG0: enabled";"FOK Quote";"No";
"92";"ropr.stp";"ROPR";"ropr.stp";"";"No";"";"";"";"Open";"No";"0";"";"No";"";"";" Not Set ";"No";
"83";"ropr1";"ROPR";"ropr1";"";"No";"";"";"No Better Prices";"Open";"No";"0";"";"Yes";"194.154.64.0/19,195.151.0.0/16;192.168.203.79,192.168.203.80;192.168.205.79,192.168.205.80";"";"Clients narrow";"No";
"454";"ropr2";"ROPR";"ropr2";"";"No";"";"";"No Better Prices";"Indicative";"No";"0";"";"No";"194.154.64.0/19,195.151.0.0/16;192.168.203.79,192.168.203.80;192.168.205.79,192.168.205.80";"";"Clients narrow";"No";
"79";"rosa.bbg";"ROSA";"rosa.bbg";"";"Yes";"";"";"No Better Prices";"Open";"No";"0";"";"No";"";"BBG0: enabled";"FOK Quote";"No";
"325";"rosn.bbg";"ROSN";"rosn.bbg";"";"Yes";"";"";"No Better Prices";"Open";"No";"0";"";"No";"";"BBG0: enabled";"Corporates BBG";"No";
"100";"rost.bbg";"ROST";"rost.bbg";"";"Yes";"";"";"No Better Prices";"Closed";"No";"0";"";"No";"";"BBG0: enabled";"FOK Quote";"No";
"60";"rost.fxp";"ROST";"rost.fxp";"";"";"";"";"No Better Prices, Don't validate";"Closed";"No";"0";"";"No";"";"";"PSBF Stream";"No";
"98";"rost1";"ROST";"rost1";"";"No";"";"";"";"Closed";"No";"0";"";"No";"";"";"PSBF Stream";"No";
"12";"rosx.bbg";"ROSX";"rosx.bbg";"";"";"";"";"No Better Prices";"Open";"No";"0";"";"No";"";"BBG0: enabled";"FOK Quote";"No";
"363";"rosx1";"ROSX";"rosx1";"";"Yes";"";"";"";"Open";"No";"0";"";"No";"";"";"Clients narrow";"No";
"144";"rrdb1";"RRDB";"rrdb1";"";"No";"";"";"";"Open";"No";"0";"";"Yes";"195.230.111.0/24;192.168.203.81;192.168.205.81";"";"Clients narrow Crazy";"No";
"198";"rslb1";"RSLB";"rslb1";"";"No";"";"";"";"Indicative";"No";"0";"";"Yes";"91.199.223.140;192.168.203.82;192.168.205.82";"";"Clients narrow";"No";
"266";"ruabza";"SPOT01";"ruabza";"";"No";"";"";"";"Open";"No";"0";"";"No";"";"Базжин Алексей";"Traders";"No";
"371";"ruamian";"CORP";"ruamian";"";"No";"";"";"Don't validate";"Open";"No";"0";"";"No";"";"";"Corporates Manual";"No";
"277";"ruammt";"CORP";"ruammt";"";"No";"";"";"No Better Prices, Don't validate";"Open";"No";"0";"";"No";"";"";"Corporates Manual";"No";
"276";"ruammt1";"RDEAL";"ruammt1";"";"Yes";"";"";"Deleted, No Better Prices";"Open";"No";"0";"";"No";"";"";"Clients narrow";"No";
"265";"ruascv";"SPOT01";"ruascv";"";"No";"";"";"";"Open";"No";"0";"";"No";"";"Щеглов Валера";"Traders";"No";
"278";"ruasyd";"CORP";"ruasyd";"";"No";"";"";"Don't validate";"Open";"No";"0";"";"No";"";"";"Corporates Manual";"No";
"4";"ruavda";"RDEAL";"ruavda";"";"No";"";"";"Don't validate";"Open";"No";"0";"";"No";"";"";"Traders";"No";
"308";"ruavda01";"SPOT01";"ruavda01";"";"No";"";"";"Don't validate";"Open";"No";"0";"";"No";"";"Базжин Алексей";"Traders";"No";
"381";"ruazds";"CORP";"ruazds";"";"No";"";"";"";"Indicative";"No";"0";"";"No";"";"";"Corporates Manual";"No";
"74";"rusc.int";"RUSC";"rusc.int";"";"Yes";"";"";"No Better Prices, Don't validate";"Open";"No";"0";"";"No";"";"INT0: alias = ROSCAP";"Novm.int";"No";
"279";"rzbm";"RZBM";"rzbm";"";"No";"";"";"No Better Prices, Don't validate";"Open";"No";"0";"";"No";"";"";"Corporates 360t Margin";"No";
"319";"rzbm2";"RZBM2";"rzbm2";"";"No";"";"";"No Better Prices, Don't validate";"Open";"No";"0";"";"No";"";"";"Corporates BBG Margin";"No";
"287";"rzbv1";"RZBV";"rzbv1";"";"No";"";"";"";"Indicative";"No";"0";"";"No";"";"Ernst GALAVICS/RZB/AT@RZB-WIEN";"Viena Traders";"No";
"201";"sbrb1";"SBRB";"sbrb1";"";"Yes";"";"";"";"Indicative";"No";"0";"";"No";"";"";"Clients narrow";"No";
"442";"sbrr.ebsd2";"SBRF";"sbrr.ebsd2";"";"No";"";"";"No Better Prices, Own Deals, Own STP Deals, Exclude My Deals, Exclude My STP Deals";"Open";"No";"0";"";"No";"";"EBSD2: alias = SBRR";"EBS Direct Onshore";"No";
"443";"sbrr.ebsdfa";"SBRF";"sbrr.ebsdfa";"";"No";"";"";"No Better Prices, Own Deals, Own STP Deals, Exclude My Deals, Exclude My STP Deals";"Open";"No";"0";"";"No";"";"EBSD FA: alias = SBRR";"EBS Direct FA";"No";
"88";"scrd.bbg";"SCRD";"scrd.bbg";"";"Yes";"";"";"No Better Prices";"Open";"No";"0";"";"No";"";"BBG0: enabled";"FOK Quote";"No";
"439";"scxl.ebsd2";"SCXL";"scxl.ebsd2";"";"No";"";"";"No Better Prices, Own Deals, Own STP Deals, Exclude My Deals, Exclude My STP Deals";"Open";"No";"0";"";"No";"";"EBSD2: alias = SCXL";"EBS Direct Onshore";"No";
"438";"scxl.ebsdfa";"SCXL";"scxl.ebsdfa";"";"No";"";"";"No Better Prices, Own Deals, Own STP Deals, Exclude My Deals, Exclude My STP Deals";"Open";"No";"0";"";"No";"";"EBSD FA: alias = SCXL";"EBS Direct FA";"No";
"82";"sdmb1";"SDMB";"sdmb1";"";"No";"";"";"";"Open";"No";"0";"";"Yes";"193.189.120.120;192.168.203.83;192.168.205.83";"";"Clients narrow";"No";
"175";"sdrd1";"SDRD";"sdrd1";"";"No";"";"";"";"Open";"No";"0";"";"Yes";"85.132.96.130;192.168.203.84;192.168.205.84";"";"Clients narrow";"No";
"204";"sgaz1";"SGAZ";"sgaz1";"";"Yes";"";"";"";"Indicative";"No";"0";"";"No";"";"";"Clients narrow";"No";
"452";"sgsp.ebsd1";"SGSP";"sgsp.ebsd1";"";"No";"";"";"No Better Prices, Own Deals, Own STP Deals, Exclude My Deals, Exclude My STP Deals";"Open";"No";"0";"";"No";"";"EBSD1: alias = SGSP";"EBS Direct Offshore";"No";
"451";"sgsp.ebsdfa";"SGSP";"sgsp.ebsdfa";"";"No";"";"";"No Better Prices, Own Deals, Own STP Deals, Exclude My Deals, Exclude My STP Deals";"Open";"No";"0";"";"No";"";"EBSD FA: alias = SGSP";"EBS Direct FA";"No";
"17";"skba.bbg";"SKBA";"skba.bbg";"";"";"";"";"No Better Prices";"Open";"No";"0";"";"No";"";"BBG0: enabled";"FOK Quote";"No";
"272";"skba1";"SKBA";"skba1";"";"Yes";"";"";"";"Indicative";"No";"0";"";"No";"";"";"Clients narrow";"No";
"255";"skyh.api";"SKYH";"skyh.api";"";"Yes";"";"";"No Better Prices, Don't validate";"Indicative";"No";"0";"";"No";"";"";"Clients narrow";"No";
"338";"skyh1";"SKYH";"skyh1";"";"No";"";"";"";"Indicative";"No";"0";"";"No";"";"";"Clients narrow";"No";
"248";"sngb1";"SNGB";"sngb1";"";"Yes";"";"";"";"Indicative";"No";"0";"";"No";"";"";"Clients narrow";"No";
"151";"sudm.bbg";"SUDM";"sudm.bbg";"";"Yes";"";"";"No Better Prices";"Closed";"No";"0";"";"No";"";"BBG0: enabled";"FOK Quote";"No";
"52";"sudm.int";"SUDM";"sudm.int";"";"";"";"";"No Better Prices";"Closed";"No";"0";"";"No";"";"INT0: alias = SUDM";"Clients narrow";"No";
"101";"sudm.stp";"SUDM";"sudm.stp";"";"Yes";"";"";"";"Closed";"No";"0";"";"No";"";"";" Not Set ";"No";
"57";"sudm1";"SUDM";"sudm1";"";"No";"";"";"";"Closed";"No";"0";"";"Yes";"195.133.192.0/24;192.168.203.85;192.168.205.85";"";"Clients narrow";"No";
"58";"sudm2";"SUDM";"sudm2";"";"No";"";"";"";"Closed";"No";"0";"";"Yes";"195.133.192.0/24";"";"Clients narrow";"No";
"63";"svzb.bbg";"SVZB";"svzb.bbg";"";"";"";"";"No Better Prices";"Open";"No";"0";"";"No";"";"BBG0: enabled";"FOK Quote";"No";
"351";"svzb.stp";"SVZB";"svzb.stp";"";"Yes";"";"";"";"Closed";"No";"0";"";"No";"";"";" Not Set ";"No";
"114";"svzb1";"SVZB";"svzb1";"";"No";"";"";"";"Open";"No";"0";"";"Yes";"193.33.123.0/24; 193.33.122.0/24;192.168.203.86; 192.168.203.87;192.168.205.86; 192.168.205.87";"";"Clients narrow";"No";
"119";"svzb2";"SVZB";"svzb2";"";"No";"";"";"";"Open";"No";"0";"";"Yes";"193.33.123.0/24; 193.33.122.0/24;192.168.203.86; 192.168.203.87;192.168.205.86; 192.168.205.87";"";"Clients narrow";"No";
"288";"svzb3";"SVZB";"svzb3";"";"No";"";"";"";"Open";"No";"0";"";"Yes";"193.33.123.0/24; 193.33.122.0/24;192.168.203.86; 192.168.203.87;192.168.205.86; 192.168.205.87";"";"Clients narrow";"No";
"169";"SWAP";"SWAP";"SWAP";"";"No";"";"";"";"Open";"No";"0";"";"No";"";"";" Not Set ";"No";
"237";"tbbr.bbg";"TBBR";"tbbr.bbg";"";"Yes";"";"";"No Better Prices";"Open";"No";"0";"";"No";"";"BBG0: enabled";"FOK Quote";"No";
"335";"tbid.api";"TBID";"tbid.api";"";"No";"";"";"No Better Prices, Don't validate";"Indicative";"No";"0";"";"No";"";"";"Clients narrow";"No";
"407";"tcbm.bbg";"TCBM";"tcbm.bbg";"";"Yes";"";"";"No Better Prices";"Open";"No";"0";"";"No";"";"BBG0: enabled";"FOK Quote";"No";
"148";"tcbm1";"TCBM";"tcbm1";"";"No";"";"";"";"Open";"No";"0";"";"No";"91.212.137.0/24";"";"Clients narrow";"No";
"5";"temp1.prod";"TEMPPROD";"temp1.prod";"";"";"";"";"Deleted";"Open";"No";"0";"";"No";"";"";"";"";
"6";"temp2.prod";"TEMPPROD";"temp2.prod";"";"";"";"";"Deleted";"Open";"No";"0";"";"No";"";"";"";"";
"3";"Test";"Test";"test";"";"";"";"";"Deleted, No Better Prices";"Open";"No";"0";"";"No";"";"";"";"";
"78";"test1";"VIKB";"test1";"";"Yes";"";"";"Deleted";"Open";"No";"0";"";"No";"193.28.44.13";"";"";"";
"270";"test7";"CENV";"test7";"";"Yes";"";"";"Deleted";"Indicative";"No";"0";"";"No";"";"Raiffeisen bank centrbank ag";"Viena Traders";"No";
"281";"test8";"CENV";"test8";"";"Yes";"";"";"Deleted";"Indicative";"No";"0";"";"No";"";"Raiffeisen bank centrbank ag";"Viena Traders";"No";
"377";"tfeb1";"TFEB";"tfeb1";"";"Yes";"";"";"";"Indicative";"No";"0";"";"No";"";"";"Clients narrow";"No";
"81";"Trader";"RDEAL";"Trader";"";"Yes";"";"";"";"Indicative";"No";"0";"";"No";"";"";" Not Set ";"No";
"236";"TRD";"TRD";"TRD";"";"Yes";"";"";"";"Open";"No";"0";"";"No";"";"";"Novm.trd";"No";
"310";"TRD2";"TRD2";"TRD2";"";"Yes";"";"";"";"Indicative";"No";"0";"";"No";"";"";"Novm.trd";"No";
"166";"tsbm.stp";"TCBM";"tcbm.stp";"";"Yes";"";"";"";"Indicative";"No";"0";"";"Yes";"91.212.137.0/24";"";" Not Set ";"No";
"42";"tsls.360t";"TSLS";"tsls.360t";"";"";"";"";"No Better Prices";"Open";"No";"0";"";"No";"";"360T: alias = RBRU.CUST.TEST";"FOK Quote";"No";
"40";"tsls.bbg";"TSLS";"tsls.bbg";"";"";"";"";"No Better Prices";"Open";"No";"0";"";"No";"";"BBG0: enabled";"TSLS Hedge";"No";
"311";"tsls_test.bbg";"SPOT01";"tsls_test.bbg";"";"Yes";"";"";"Deleted, No Better Prices";"Open";"No";"0";"";"No";"";"BBG0: enabled";"TSLS Hedge";"No";
"188";"turn1";"TURN";"turn1";"";"No";"";"";"";"Indicative";"No";"0";"";"Yes";"95.86.131.130; 95.86.131.131; 217.64.31.81;192.168.203.88; 192.168.203.89; 192.168.203.90;192.168.205.88; 192.168.205.89; 192.168.205.90";"";"Clients narrow";"No";
"384";"turo1";"TURO";"turo1";"";"Yes";"";"";"";"Indicative";"No";"0";"";"No";"";"";"Clients narrow";"No";
"323";"ubii1";"UBII";"ubii1";"";"Yes";"";"";"";"Indicative";"No";"0";"";"No";"";"UNITED BANK OF INDUSTRIAL INVESTMENTS заведен 13.03.2015";"Clients narrow";"No";
"117";"ubrd1";"UBRD";"ubrd1";"";"No";"";"";"";"Open";"No";"0";"";"Yes";"91.208.121.195;91.208.121.180;91.208.121.188;91.208.121.230;91.208.121.254;195.64.201.11;195.58.5.66;81.91.41.75;81.91.41.66;192.168.203.91;192.168.203.92;192.168.203.93;192.168.203.94;192.168.203.95;192.168.203.96;192.168.203.97;192.168.203.98;192.168.203.99;192.168.205.91;192.168.205.92;192.168.205.93;192.168.205.94;192.168.205.95;192.168.205.96;192.168.205.97;192.168.205.98;192.168.205.99";"";"Clients narrow";"No";
"379";"ubse1";"UBSE";"ubse1";"";"Yes";"";"";"";"Indicative";"No";"0";"";"No";"";"";"Clients narrow";"No";
"124";"urfi1";"URFI";"urfi1";"";"No";"";"";"";"Indicative";"No";"0";"";"Yes";"91.238.115.6;192.168.203.100;192.168.205.100";"";"Clients narrow";"No";
"342";"urka.bbg";"URKA";"urka.bbg";"";"Yes";"";"";"No Better Prices";"Open";"No";"0";"";"No";"";"BBG0: enabled";"Corporates BBG";"No";
"137";"urpb1";"URPB";"urpb1";"";"No";"";"";"";"Indicative";"No";"0";"";"No";"91.198.69.122;192.168.203.101;192.168.205.101";"";"Clients narrow";"No";
"127";"vegb1";"VEGB";"vegb1";"";"No";"";"";"";"Indicative";"No";"0";"";"Yes";"212.34.49.126;77.108.119.234;192.168.203.102;192.168.203.103;192.168.205.102;192.168.205.103";"";"Clients narrow";"No";
"416";"vers1";"VERS";"vers1";"";"No";"";"";"";"Indicative";"No";"0";"";"No";"";"";"Clients narrow";"No";
"47";"vest.360t";"VEST";"vest.360t";"";"";"";"";"No Better Prices, Exclude My STP Deals";"Open";"No";"0";"";"No";"";"360T: alias = VESTA BANK";"FOK Quote";"No";
"77";"vest.api";"VEST";"vest.api";"";"Yes";"";"";"No Better Prices, Don't validate";"Open";"No";"0";"";"Yes";"62.231.6.246;212.248.32.54;192.168.203.104;192.168.203.105;192.168.205.104;192.168.205.105";"";"VEST Stream";"No";
"247";"vest.int";"VEST";"vest.int";"";"Yes";"";"";"No Better Prices, Don't validate";"Open";"No";"0";"";"No";"";"INT0: alias = VESB";"VEST Stream";"No";
"84";"vest.stp";"VEST";"vest.stp";"";"Yes";"";"";"";"Indicative";"No";"0";"";"Yes";"62.231.6.246, 212.248.32.54;192.168.203.104;192.168.205.104";"";" Not Set ";"No";
"75";"vest1";"VEST";"vest1";"";"No";"";"";"";"Open";"No";"0";"";"Yes";"62.231.6.246, 212.248.32.54;192.168.203.104;192.168.205.104";"";"VEST Stream";"No";
"76";"vest2";"VEST";"vest2";"";"Yes";"";"";"";"Open";"No";"0";"";"Yes";"62.231.6.246, 212.248.32.54;192.168.203.104;192.168.205.104";"";"VEST Stream";"No";
"36";"vikb.bbg";"VIKB";"vikb.bbg";"";"";"";"";"No Better Prices";"Open";"No";"0";"";"No";"";"BBG0: enabled";"FOK Quote";"No";
"56";"vikb1";"VIKB";"vikb1";"";"No";"";"";"";"Open";"No";"0";"";"Yes";"86.106.212.39;192.168.203.106;192.168.205.106";"";"Clients wide";"No";
"61";"vikb2";"VIKB";"vikb2";"";"No";"";"";"";"Open";"No";"0";"";"Yes";"86.106.212.39;192.168.203.106;192.168.205.106";"";"Clients wide";"No";
"146";"vost.bbg";"VOST";"vost.bbg";"";"Yes";"";"";"No Better Prices";"Open";"No";"0";"";"No";"";"BBG0: enabled";"FOK Quote";"No";
"173";"vost1";"VOST";"vost1";"";"No";"";"";"";"Open";"No";"0";"";"No";"185.9.228.0/24;192.168.203.107;192.168.205.107";"";"Clients wide";"No";
"320";"vost2";"VOST";"vost2";"";"No";"";"";"";"Open";"No";"0";"";"No";"185.9.228.0/24;192.168.203.107;192.168.205.107";"";"Clients wide";"No";
"382";"vost3";"VOST";"vost3";"";"No";"";"";"";"Indicative";"No";"0";"";"No";"185.9.228.0/24;192.168.203.107;192.168.205.107";"";"Clients wide";"No";
"450";"vost4";"VOST";"vost4";"";"No";"";"";"";"Open";"No";"0";"";"No";"185.9.228.0/24;192.168.203.107;192.168.205.107";"";"Clients wide";"No";
"368";"vtbl.bbg";"VTBL";"vtbl.bbg";"";"Yes";"";"";"No Better Prices";"Open";"No";"0";"";"No";"";"BBG0: enabled";"FOK Quote";"No";
"447";"vtbx.ebsd2";"VTBX";"vtbx.ebsd2";"";"Yes";"";"";"No Better Prices, Own Deals, Own STP Deals, Exclude My Deals, Exclude My STP Deals";"Open";"No";"0";"";"No";"";"EBSD2: alias = VTBX";"EBS Direct Onshore";"No";
"446";"vtbx.ebsdfa";"VTBX";"vtbx.ebsdfa";"";"Yes";"";"";"No Better Prices, Own Deals, Own STP Deals, Exclude My Deals, Exclude My STP Deals";"Open";"No";"0";"";"No";"";"EBSD FA: alias = VTBX";"EBS Direct FA";"No";
"32";"vtrr.bbg";"VTRR";"vtrr.bbg";"";"";"";"";"No Better Prices";"Open";"No";"0";"";"No";"";"BBG0: enabled";"FOK Quote";"No";
"44";"wgzd.360t";"WGZD";"wgzd.360t";"";"";"";"";"No Better Prices";"Closed";"No";"0";"";"No";"";"360T: alias = WGZ.DUS";"FOK Quote";"No";
"118";"zent1";"ZENT";"zent1";"";"No";"";"";"";"Open";"No";"0";"";"Yes";"194.186.83.37;192.168.203.108;192.168.205.108";"";"Clients narrow";"No";
"116";"zhld1";"VOST";"zhld1";"";"Yes";"";"";"";"Open";"No";"0";"";"Yes";"91.198.69.122";"";"Clients narrow";"No";
